County/Parish,State,facility_count
LOS ANGELES,CA,74
COOK,IL,46
HARRIS,TX,38
MARICOPA,AZ,37
ORANGE,CA,26
DALLAS,TX,25
TARRANT,TX,25
OKLAHOMA,OK,20
CLARK,NV,18
MIAMI-DADE,FL,18
SAN BERNARDINO,CA,18
SAN JUAN,PR,18
ALLEGHENY,PA,17
KING,WA,17
CUYAHOGA,OH,16
RIVERSIDE,CA,16
SAN DIEGO,CA,16
WAYNE,MI,16
BROWARD,FL,15
COLLIN,TX,15
PHILADELPHIA,PA,15
BEXAR,TX,14
BALTIMORE CITY,MD,13
DENTON,TX,13
SUFFOLK,MA,13
ALAMEDA,CA,12
PALM BEACH,FL,12
TULSA,OK,12
FRANKLIN,OH,11
MIDDLESEX,MA,11
MONTGOMERY,PA,11
NEW YORK,NY,11
OAKLAND,MI,11
PINELLAS,FL,11
TRAVIS,TX,11
DOUGLAS,NE,10
JACKSON,MO,10
JOHNSON,KS,10
SALT LAKE,UT,10
SAN FRANCISCO,CA,10
ST. LOUIS,MO,10
WESTCHESTER,NY,10
HILLSBOROUGH,FL,9
HONOLULU,HI,9
JEFFERSON,AL,9
KERN,CA,9
KINGS,NY,9
LAKE,IN,9
MARION,IN,9
MILWAUKEE,WI,9
NASSAU,NY,9
PIMA,AZ,9
PULASKI,AR,9
SACRAMENTO,CA,9
SANTA CLARA,CA,9
SUFFOLK,NY,9
DAVIDSON,TN,8
E. BATON ROUGE,LA,8
EL PASO,TX,8
HAMILTON,OH,8
HENNEPIN,MN,8
MECKLENBURG,NC,8
ST. LOUIS,MN,8
WORCESTER,MA,8
CONTRA COSTA,CA,7
DUVAL,FL,7
ESSEX,NJ,7
FORT BEND,TX,7
FRESNO,CA,7
FULTON,GA,7
HARTFORD,CT,7
HIDALGO,TX,7
MULTNOMAH,OR,7
PASCO,FL,7
SAN JOAQUIN,CA,7
SEDGWICK,KS,7
SHELBY,TN,7
THE DISTRICT,DC,7
WILLIAMSON,TX,7
ALLEN,IN,6
BERGEN,NJ,6
BREVARD,FL,6
BUCKS,PA,6
CADDO,LA,6
CHARLESTON,SC,6
DENVER,CO,6
DU PAGE,IL,6
ERIE,NY,6
FAIRFIELD,CT,6
GREENVILLE,SC,6
HAMILTON,IN,6
HAWAII,HI,6
HUDSON,NJ,6
LUBBOCK,TX,6
MIDDLESEX,NJ,6
MONTGOMERY,MD,6
MONTGOMERY,OH,6
MONTGOMERY,TX,6
NEW HAVEN,CT,6
PIERCE,WA,6
PROVIDENCE,RI,6
QUEENS,NY,6
SAN MATEO,CA,6
SONOMA,CA,6
UTAH,UT,6
VENTURA,CA,6
VOLUSIA,FL,6
WAUKESHA,WI,6
BALTIMORE,MD,5
BAYAMON,PR,5
BERNALILLO,NM,5
BOULDER,CO,5
BRONX,NY,5
CALCASIEU,LA,5
EL PASO,CO,5
ESSEX,MA,5
GRAFTON,NH,5
HAMPDEN,MA,5
HILLSBOROUGH,NH,5
HINDS,MS,5
JEFFERSON,LA,5
KANE,IL,5
KNOX,TN,5
LAFAYETTE,LA,5
LAKE,IL,5
LARIMER,CO,5
LUCAS,OH,5
MADISON,IL,5
MINNEHAHA,SD,5
MOBILE,AL,5
MOHAVE,AZ,5
MONMOUTH,NJ,5
MONROE,NY,5
NAVAJO,AZ,5
ORANGE,FL,5
ORLEANS,LA,5
PINAL,AZ,5
POLK,FL,5
SANTA BARBARA,CA,5
SPOKANE,WA,5
ST. TAMMANY,LA,5
STANISLAUS,CA,5
SUMMIT,OH,5
WASHOE,NV,5
YORK,PA,5
ADAMS,CO,4
ALLEN,OH,4
APACHE,AZ,4
AROOSTOOK,ME,4
ASHTABULA,OH,4
BRISTOL,MA,4
BROWN,WI,4
BURLINGTON,NJ,4
BUTLER,OH,4
CAMDEN,NJ,4
CAMERON,TX,4
COCHISE,AZ,4
CUMBERLAND,ME,4
DANE,WI,4
DAVIS,UT,4
DE KALB,GA,4
DOUGLAS,CO,4
ERIE,PA,4
FAIRFAX,VA,4
FAYETTE,KY,4
GRANT,WA,4
GWINNETT,GA,4
HAYS,TX,4
HORRY,SC,4
HUMBOLDT,CA,4
JEFFERSON,CO,4
JEFFERSON,KY,4
JEFFERSON,NY,4
LAKE,FL,4
LANCASTER,NE,4
LANCASTER,PA,4
LANE,OR,4
LAUDERDALE,MS,4
LEE,FL,4
LORAIN,OH,4
LYCOMING,PA,4
MACOMB,MI,4
MAUI,HI,4
MCKINLEY,NM,4
MERCER,PA,4
MONTEREY,CA,4
NORFOLK,MA,4
OCEAN,NJ,4
ORANGE,NY,4
OUACHITA,LA,4
PENOBSCOT,ME,4
PONCE,PR,4
PRINCE GEORGES,MD,4
RAMSEY,MN,4
RANKIN,MS,4
RAPIDES,LA,4
RICHMOND CITY,VA,4
ROCK,WI,4
SARASOTA,FL,4
SHASTA,CA,4
SIOUX,IA,4
SMITH,TX,4
SNOHOMISH,WA,4
SOLANO,CA,4
ST. CHARLES,MO,4
ST. LAWRENCE,NY,4
ST. LOUIS CITY,MO,4
STEARNS,MN,4
TANGIPAHOA,LA,4
TULARE,CA,4
WASHINGTON,OR,4
WASHINGTON,PA,4
WASHTENAW,MI,4
WESTMORELAND,PA,4
ADA,ID,3
ANCHORAGE,AK,3
ARAPAHOE,CO,3
BALDWIN,AL,3
BARRON,WI,3
BARTON,KS,3
BELL,TX,3
BENTON,AR,3
BENTON,WA,3
BERKS,PA,3
BERKSHIRE,MA,3
BIBB,GA,3
BLACK HAWK,IA,3
BLAIR,PA,3
BONNEVILLE,ID,3
BRAZORIA,TX,3
BRAZOS,TX,3
BUTTE,CA,3
CANYON,ID,3
CARTER,OK,3
CHATHAM,GA,3
CHAUTAUQUA,NY,3
CHELAN,WA,3
CHESTER,PA,3
CLACKAMAS,OR,3
CLAY,MO,3
COCONINO,AZ,3
COMANCHE,OK,3
COOS,NH,3
COOS,OR,3
CREEK,OK,3
CUMBERLAND,PA,3
DAWSON,NE,3
DELAWARE,NY,3
DELAWARE,PA,3
DONA ANA,NM,3
DUBUQUE,IA,3
DURHAM,NC,3
EAU CLAIRE,WI,3
ELLIS,TX,3
ESCAMBIA,FL,3
FLOYD,KY,3
FOND DU LAC,WI,3
FORSYTH,NC,3
GARLAND,AR,3
GENESEE,MI,3
GILA,AZ,3
GRANT,WI,3
GRAYSON,TX,3
HAMILTON,TN,3
HANCOCK,ME,3
HARRISON,MS,3
HOLT,NE,3
HUMACAO,PR,3
HURON,MI,3
ITASCA,MN,3
JACKSON,OR,3
JASPER,MO,3
JEFFERSON,TX,3
KANAWHA,WV,3
KAUAI,HI,3
KENAI PENINSULA,AK,3
KENT,MI,3
LA SALLE,IL,3
LACKAWANNA,PA,3
LAFOURCHE,LA,3
LUZERNE,PA,3
MADISON,IN,3
MAHONING,OH,3
MANATEE,FL,3
MARIN,CA,3
MARION,OR,3
MAYAGUEZ,PR,3
MC HENRY,IL,3
MCPHERSON,KS,3
MENDOCINO,CA,3
MERCER,NJ,3
MERRIMACK,NH,3
MESA,CO,3
MONROE,FL,3
MONTCALM,MI,3
MONTGOMERY,AL,3
MORRIS,NJ,3
MUSCOGEE,GA,3
NESHOBA,MS,3
NEW CASTLE,DE,3
NORFOLK CITY,VA,3
NUECES,TX,3
OKALOOSA,FL,3
OKANOGAN,WA,3
ONONDAGA,NY,3
ONTARIO,NY,3
OSCEOLA,FL,3
OTTAWA,MI,3
PENNINGTON,SD,3
PLACER,CA,3
PLUMAS,CA,3
PLYMOUTH,MA,3
POLK,IA,3
POLK,WI,3
POTTER,TX,3
RANDOLPH,IL,3
RICHLAND,OH,3
RICHLAND,SC,3
RICHMOND,GA,3
ROCKINGHAM,NH,3
ROCKLAND,NY,3
ROOSEVELT,MT,3
RUTHERFORD,TN,3
SAGINAW,MI,3
SAN LUIS OBISPO,CA,3
SANILAC,MI,3
SANTA CRUZ,CA,3
SANTA FE,NM,3
SANTA ROSA,FL,3
SAUK,WI,3
SCHUYLKILL,PA,3
SKAGIT,WA,3
SOMERSET,PA,3
ST. CLAIR,IL,3
ST. CROIX,WI,3
ST. JOSEPH,IN,3
STARK,OH,3
STEUBEN,NY,3
SULLIVAN,TN,3
SUSSEX,DE,3
TERREBONNE,LA,3
UNION,NJ,3
WAKE,NC,3
WASHINGTON,AR,3
WICHITA,TX,3
WILL,IL,3
WINNEBAGO,IL,3
WINNEBAGO,WI,3
YAKIMA,WA,3
ACADIA,LA,2
ADAMS,WA,2
ALACHUA,FL,2
ALBANY,NY,2
ALLEGANY,NY,2
ALLEN,LA,2
ANDROSCOGGIN,ME,2
ANGELINA,TX,2
ANNE ARUNDEL,MD,2
ARECIBO,PR,2
ARKANSAS,AR,2
ATLANTIC,NJ,2
AVOYELLES,LA,2
BARBER,KS,2
BARNSTABLE,MA,2
BARRY,MO,2
BAXTER,AR,2
BAY,FL,2
BEAUFORT,SC,2
BEAVER,UT,2
BELL,KY,2
BELMONT,OH,2
BELTRAMI,MN,2
BERRIEN,MI,2
BIG HORN,MT,2
BIG HORN,WY,2
BIG STONE,MN,2
BINGHAM,ID,2
BLAINE,OK,2
BON HOMME,SD,2
BOONE,MO,2
BOWIE,TX,2
BOX ELDER,UT,2
BRADFORD,PA,2
BREMER,IA,2
BROOME,NY,2
BROWN,MN,2
BROWN,SD,2
BRUNSWICK,NC,2
BUFFALO,NE,2
BULLOCK,AL,2
BURLEIGH,ND,2
BURNET,TX,2
BUTLER,KS,2
CABELL,WV,2
CACHE,UT,2
CADDO,OK,2
CAGUAS,PR,2
CALDWELL,LA,2
CALHOUN,MI,2
CAMBRIA,PA,2
CAPE GIRARDEAU,MO,2
CARBON,WY,2
CARLTON,MN,2
CARROLL,AR,2
CARROLL,GA,2
CARROLL,IA,2
CARROLL,NH,2
CASCADE,MT,2
CASS,MO,2
CASS,ND,2
CATAWBA,NC,2
CHAMBERS,TX,2
CHAMPAIGN,IL,2
CHARLES MIX,SD,2
CHARLOTTE,FL,2
CHAVES,NM,2
CHEROKEE,KS,2
CHEROKEE,OK,2
CHEROKEE,TX,2
CHICKASAW,MS,2
CHIPPEWA,WI,2
CHOUTEAU,MT,2
CHRISTIAN,IL,2
CITRUS,FL,2
CLALLAM,WA,2
CLARK,OH,2
CLARK,WA,2
CLARKE,AL,2
CLARKE,GA,2
CLATSOP,OR,2
CLAY,FL,2
CLAYTON,IA,2
CLEVELAND,OK,2
CLINTON,IA,2
COBB,GA,2
COFFEE,TN,2
COLBERT,AL,2
COLLIER,FL,2
COLORADO,TX,2
COLQUITT,GA,2
COLUMBIA,WI,2
COLUMBIANA,OH,2
COOKE,TX,2
COTTONWOOD,MN,2
COVINGTON,AL,2
COWETA,GA,2
COWLEY,KS,2
CRAIGHEAD,AR,2
CRAWFORD,KS,2
CRAWFORD,OH,2
CRAWFORD,PA,2
CROW WING,MN,2
CUSTER,NE,2
CUSTER,OK,2
DAUPHIN,PA,2
DAVIDSON,NC,2
DE KALB,IL,2
DE SOTO,MS,2
DEFIANCE,OH,2
DESHA,AR,2
DODGE,WI,2
DOUGHERTY,GA,2
DOUGLAS,OR,2
DUTCHESS,NY,2
EATON,MI,2
ECTOR,TX,2
EDDY,NM,2
EL DORADO,CA,2
ELKHART,IN,2
ELMORE,AL,2
ESCAMBIA,AL,2
ETOWAH,AL,2
EVANGELINE,LA,2
FAJARDO,PR,2
FAULKNER,AR,2
FAYETTE,AL,2
FAYETTE,IA,2
FAYETTE,PA,2
FAYETTE,WV,2
FLAGLER,FL,2
FLATHEAD,MT,2
FLORENCE,SC,2
FLOYD,GA,2
FLOYD,IN,2
FORD,KS,2
FRANKLIN,AL,2
FRANKLIN,MO,2
FRANKLIN,NY,2
FRANKLIN,PA,2
GALLATIN,MT,2
GALVESTON,TX,2
GARFIELD,CO,2
GARFIELD,OK,2
GARVIN,OK,2
GENEVA,AL,2
GLACIER,MT,2
GOODHUE,MN,2
GRAND FORKS,ND,2
GRAYS HARBOR,WA,2
GREENE,MO,2
GREENE,MS,2
GREENE,OH,2
GREGG,TX,2
GREGORY,SD,2
GUAM,GU,2
GUILFORD,NC,2
HALL,NE,2
HEMPSTEAD,AR,2
HENDERSON,NC,2
HENDRICKS,IN,2
HENRY,IL,2
HERNANDO,FL,2
HIGHLAND,OH,2
HIGHLANDS,FL,2
HOUGHTON,MI,2
HOUSTON,AL,2
HOWARD,IN,2
HOWELL,MO,2
HURON,OH,2
HUTCHINSON,SD,2
IDAHO,ID,2
IMPERIAL,CA,2
INDIAN RIVER,FL,2
INGHAM,MI,2
INYO,CA,2
IREDELL,NC,2
JACKSON,IL,2
JAMES CITY,VA,2
JEFFERSON,IL,2
JEFFERSON,MO,2
JEFFERSON,PA,2
JOHNSON,IA,2
JOHNSON,TX,2
KALAMAZOO,MI,2
KANKAKEE,IL,2
KAY,OK,2
KENOSHA,WI,2
KLICKITAT,WA,2
KOOTENAI,ID,2
LA CROSSE,WI,2
LA PLATA,CO,2
LA PORTE,IN,2
LAC QUI PARLE,MN,2
LAKE,CA,2
LAKE,MT,2
LAPAZ,AZ,2
LASALLE,LA,2
LAURENS,SC,2
LAVACA,TX,2
LAWRENCE,SD,2
LEA,NM,2
LEHIGH,PA,2
LEON,FL,2
LEWIS,WA,2
LEXINGTON,SC,2
LIMESTONE,TX,2
LINCOLN,MN,2
LINCOLN,OK,2
LINCOLN,OR,2
LINCOLN,SD,2
LINCOLN,WA,2
LINCOLN,WI,2
LINCOLN,WY,2
LINN,IA,2
LINN,OR,2
LITCHFIELD,CT,2
LIVINGSTON,MI,2
LOGAN,AR,2
LOUDOUN,VA,2
LYON,MN,2
MACON,IL,2
MACON,NC,2
MACOUPIN,IL,2
MADERA,CA,2
MADISON,AL,2
MADISON,KY,2
MADISON,MT,2
MADISON,NY,2
MANATI,PR,2
MANITOWOC,WI,2
MARATHON,WI,2
MARION,FL,2
MARION,IA,2
MARION,IL,2
MARION,KS,2
MARQUETTE,MI,2
MARSHALL,IN,2
MATAGORDA,TX,2
MC CRACKEN,KY,2
MC LEAN,IL,2
MC LENNAN,TX,2
MC LEOD,MN,2
MCINTOSH,ND,2
MCLEAN,ND,2
MEDINA,OH,2
MERCED,CA,2
MIAMI,OH,2
MILLARD,UT,2
MILLE LACS,MN,2
MISSISSIPPI,AR,2
MISSOULA,MT,2
MODOC,CA,2
MONONGALIA,WV,2
MONROE,IN,2
MONROE,MS,2
MONROE,PA,2
MONROE,WI,2
MONTGOMERY,IL,2
MONTGOMERY,VA,2
MORGAN,CO,2
NACOGDOCHES,TX,2
NAPA,CA,2
NATRONA,WY,2
NEMAHA,KS,2
NESS,KS,2
NEVADA,CA,2
NEW HANOVER,NC,2
NEW LONDON,CT,2
NEWPORT NEWS CITY,VA,2
NIAGARA,NY,2
NORTHAMPTON,PA,2
OCONTO,WI,2
OKMULGEE,OK,2
OLMSTED,MN,2
ONEIDA,NY,2
ONEIDA,WI,2
OSAGE,OK,2
OTOE,NE,2
OTSEGO,NY,2
OTTER TAIL,MN,2
OUTAGAMIE,WI,2
OXFORD,ME,2
PACIFIC,WA,2
PAGE,IA,2
PARK,WY,2
PASSAIC,NJ,2
PAYNE,OK,2
PEARL RIVER,MS,2
PECOS,TX,2
PEORIA,IL,2
PERRY,IL,2
PETERSBURG CITY,VA,2
PHILLIPS,CO,2
PICKENS,SC,2
PIERCE,NE,2
PIKE,KY,2
PIKE,MS,2
PISCATAQUIS,ME,2
PLATTE,NE,2
POLK,MN,2
PONTOTOC,OK,2
PORTAGE,WI,2
POTTAWATOMIE,KS,2
POTTAWATTAMIE,IA,2
PRINCE WILLIAM,VA,2
PUEBLO,CO,2
RACINE,WI,2
RALEIGH,WV,2
RENO,KS,2
RICE,MN,2
RICHLAND,LA,2
RICHMOND,NY,2
RILEY,KS,2
RIO BLANCO,CO,2
ROCK ISLAND,IL,2
ROGERS,OK,2
ROLETTE,ND,2
RUNNELS,TX,2
SALINE,AR,2
SALINE,IL,2
SALINE,KS,2
SALINE,NE,2
SAN GERMAN,PR,2
SAN JUAN,NM,2
SAN JUAN,UT,2
SANDUSKY,OH,2
SANGAMON,IL,2
SANPETE,UT,2
SARPY,NE,2
SCHENECTADY,NY,2
SCIOTO,OH,2
SCOTT,IA,2
SCOTT,MN,2
SCOTT,MS,2
SEBASTIAN,AR,2
SEMINOLE,FL,2
SENECA,OH,2
SHAWNEE,KS,2
SHEBOYGAN,WI,2
SIMPSON,MS,2
SISKIYOU,CA,2
SOMERSET,ME,2
SPARTANBURG,SC,2
ST. CLAIR,MI,2
ST. FRANCOIS,MO,2
ST. JOHNS,FL,2
ST. JOSEPH,MI,2
ST. LANDRY,LA,2
ST. LUCIE,FL,2
ST. MARY,LA,2
STEVENS,WA,2
STORY,IA,2
STRAFFORD,NH,2
SUFFOLK CITY,VA,2
SULLIVAN,NY,2
SUMNER,TN,2
SUNFLOWER,MS,2
SURRY,NC,2
SUSQUEHANNA,PA,2
SWAIN,NC,2
SWIFT,MN,2
TALLADEGA,AL,2
TALLAPOOSA,AL,2
TAZEWELL,IL,2
TAZEWELL,VA,2
THURSTON,NE,2
THURSTON,WA,2
TIPPECANOE,IN,2
TODD,MN,2
TRAILL,ND,2
TREMPEALEAU,WI,2
TRUMBULL,OH,2
TUSCARAWAS,OH,2
TUSCOLA,MI,2
ULSTER,NY,2
UMATILLA,OR,2
UNION,LA,2
UPTON,TX,2
VALDEZ-CORDOVA,AK,2
VALLEY,ID,2
VAN BUREN,MI,2
VANDERBURGH,IN,2
VERMILION,IL,2
VERMILION,LA,2
VERNON,WI,2
VICTORIA,TX,2
VIGO,IN,2
VILAS,WI,2
VIRGINIA BEACH CITY,VA,2
WABASHA,MN,2
WALSH,ND,2
WALTON,FL,2
WALWORTH,WI,2
WARD,ND,2
WARREN,KY,2
WARREN,NJ,2
WARREN,OH,2
WARRICK,IN,2
WASHBURN,WI,2
WASHINGTON,KS,2
WASHINGTON,LA,2
WASHINGTON,ME,2
WASHINGTON,MN,2
WASHINGTON,OH,2
WASHINGTON,RI,2
WASHINGTON,TN,2
WASHINGTON,TX,2
WASHINGTON,WI,2
WATONWAN,MN,2
WAUPACA,WI,2
WAYNE,OH,2
WEBB,TX,2
WEBER,UT,2
WEBSTER,LA,2
WELD,CO,2
WHEELER,TX,2
WHITESIDE,IL,2
WHITMAN,WA,2
WILLIAMS,ND,2
WILLIAMS,OH,2
WILLIAMSON,IL,2
WILSON,KS,2
WINDHAM,CT,2
WINDHAM,VT,2
WINDSOR,VT,2
WOOD,TX,2
WOOD,WI,2
WOODBURY,IA,2
WRIGHT,IA,2
WRIGHT,MN,2
WYANDOTTE,KS,2
YAMHILL,OR,2
YAVAPAI,AZ,2
YELL,AR,2
YELLOW MEDCINE,MN,2
YELLOWSTONE,MT,2
YOLO,CA,2
YORK,NE,2
YOUNG,TX,2
YUMA,AZ,2
YUMA,CO,2
ABBEVILLE,SC,1
ACCOMACK,VA,1
ADAIR,IA,1
ADAIR,KY,1
ADAIR,MO,1
ADAIR,OK,1
ADAMS,IA,1
ADAMS,IL,1
ADAMS,IN,1
ADAMS,MS,1
ADAMS,ND,1
ADAMS,NE,1
ADAMS,OH,1
ADAMS,PA,1
ADAMS,WI,1
ADDISON,VT,1
AGUADILLA,PR,1
AIBONITO,PR,1
AIKEN,SC,1
AITKIN,MN,1
ALAMANCE,NC,1
ALAMOSA,CO,1
ALBANY,WY,1
ALBEMARLE,VA,1
ALCORN,MS,1
ALEXANDRIA CITY,VA,1
ALGER,MI,1
ALLAMAKEE,IA,1
ALLEGAN,MI,1
ALLEGANY,MD,1
ALLEGHANY,NC,1
ALLEGHANY,VA,1
ALLEN,KS,1
ALLEN,KY,1
ALLENDALE,SC,1
ALPENA,MI,1
AMADOR,CA,1
ANDERSON,KS,1
ANDERSON,SC,1
ANDERSON,TN,1
ANDERSON,TX,1
ANDREWS,TX,1
ANOKA,MN,1
ANSON,NC,1
ANTELOPE,NE,1
APPANOOSE,IA,1
APPLING,GA,1
ARCHULETA,CO,1
ARENAC,MI,1
ARLINGTON,VA,1
ARMSTRONG,PA,1
ASCENSION,LA,1
ASHE,NC,1
ASHLAND,OH,1
ASHLAND,WI,1
ASHLEY,AR,1
ASOTIN,WA,1
ASSUMPTION,LA,1
ATASCOSA,TX,1
ATCHISON,KS,1
ATCHISON,MO,1
ATHENS,OH,1
ATKINSON,GA,1
ATOKA,OK,1
ATTALA,MS,1
AUDUBON,IA,1
AUGLAIZE,OH,1
AUGUSTA,VA,1
AUSTIN,TX,1
AUTAUGA,AL,1
AVERY,NC,1
BACA,CO,1
BACON,GA,1
BAILEY,TX,1
BAKER,FL,1
BAKER,OR,1
BALDWIN,GA,1
BANNOCK,ID,1
BARAGA,MI,1
BARBOUR,AL,1
BARBOUR,WV,1
BARNES,ND,1
BARREN,KY,1
BARROW,GA,1
BARRY,MI,1
BARTHOLOMEW,IN,1
BARTON,MO,1
BARTOW,GA,1
BATES,MO,1
BATH,VA,1
BAY,MI,1
BAYLOR,TX,1
BEADLE,SD,1
BEAR LAKE,ID,1
BEAUREGARD,LA,1
BEAVER,OK,1
BEAVER,PA,1
BEAVERHEAD,MT,1
BECKER,MN,1
BECKHAM,OK,1
BEDFORD,PA,1
BEDFORD,TN,1
BEDFORD,VA,1
BEE,TX,1
BELKNAP,NH,1
BEN HILL,GA,1
BENEWAH,ID,1
BENNETT,SD,1
BENNINGTON,VT,1
BENTON,IA,1
BENTON,OR,1
BENTON,TN,1
BENZIE,MI,1
BERKELEY,WV,1
BERRIEN,GA,1
BERTIE,NC,1
BETHEL,AK,1
BIBB,AL,1
BIENVILLE,LA,1
BLADEN,NC,1
BLAINE,ID,1
BLAINE,MT,1
BLECKLEY,GA,1
BLEDSOE,TN,1
BLOUNT,AL,1
BLOUNT,TN,1
BLUE EARTH,MN,1
BOLIVAR,MS,1
BOND,IL,1
BONNER,ID,1
BOONE,AR,1
BOONE,IA,1
BOONE,IN,1
BOONE,KY,1
BOONE,NE,1
BOONE,WV,1
BOSQUE,TX,1
BOTTINEAU,ND,1
BOUNDARY,ID,1
BOURBON,KY,1
BOWMAN,ND,1
BOX BUTTE,NE,1
BOYD,KY,1
BOYD,NE,1
BOYLE,KY,1
BRADLEY,AR,1
BRADLEY,TN,1
BRANCH,MI,1
BRAXTON,WV,1
BREATHITT,KY,1
BRECKINRIDGE,KY,1
BREWSTER,TX,1
BROADWATER,MT,1
BROOKINGS,SD,1
BROOKS,GA,1
BROOMFIELD,CO,1
BROWN,KS,1
BROWN,NE,1
BROWN,TX,1
BRULE,SD,1
BRYAN,OK,1
BUCHANAN,IA,1
BUCHANAN,MO,1
BUCHANAN,VA,1
BUENA VISTA,IA,1
BULLOCH,GA,1
BUNCOMBE,NC,1
BUREAU,IL,1
BURKE,GA,1
BURKE,NC,1
BURLESON,TX,1
BURNETT,WI,1
BUTLER,AL,1
BUTLER,MO,1
BUTLER,NE,1
BUTLER,PA,1
BUTTE,ID,1
BUTTS,GA,1
CABARRUS,NC,1
CALAVERAS,CA,1
CALDWELL,KY,1
CALDWELL,NC,1
CALDWELL,TX,1
CALEDONIA,VT,1
CALHOUN,AL,1
CALHOUN,FL,1
CALHOUN,IA,1
CALHOUN,MS,1
CALHOUN,TX,1
CALHOUN,WV,1
CALLOWAY,KY,1
CALUMET,WI,1
CALVERT,MD,1
CAMDEN,GA,1
CAMDEN,MO,1
CAMP,TX,1
CAMPBELL,KY,1
CAMPBELL,TN,1
CAMPBELL,WY,1
CANADIAN,OK,1
CANDLER,GA,1
CANNON,TN,1
CAPE MAY,NJ,1
CARBON,MT,1
CARBON,PA,1
CARBON,UT,1
CARIBOU,ID,1
CAROLINA,PR,1
CARROLL,KY,1
CARROLL,MD,1
CARROLL,MO,1
CARROLL,TN,1
CARSON CITY,NV,1
CARTER,MT,1
CARTER,TN,1
CARTERET,NC,1
CARVER,MN,1
CASEY,KY,1
CASS,IA,1
CASS,IN,1
CASS,MI,1
CASS,MN,1
CASSIA,ID,1
CASTRO,TX,1
CATOOSA,GA,1
CATTARAUGUS,NY,1
CAVALIER,ND,1
CAYEY,PR,1
CAYUGA,NY,1
CECIL,MD,1
CEDAR,MO,1
CENTRE,PA,1
CERRO GORDO,IA,1
CHAFFEE,CO,1
CHAMBERS,AL,1
CHAMPAIGN,OH,1
CHARLES,MD,1
CHARLEVOIX,MI,1
CHARLOTTESVILLE CITY,VA,1
CHASE,NE,1
CHATHAM,NC,1
CHAUTAUQUA,KS,1
CHEATHAM,TN,1
CHEMUNG,NY,1
CHENANGO,NY,1
CHEROKEE,AL,1
CHEROKEE,GA,1
CHEROKEE,IA,1
CHEROKEE,NC,1
CHEROKEE,SC,1
CHERRY,NE,1
CHESAPEAKE CITY,VA,1
CHESHIRE,NH,1
CHESTER,SC,1
CHESTERFIELD,SC,1
CHESTERFIELD,VA,1
CHEYENNE,CO,1
CHEYENNE,KS,1
CHEYENNE,NE,1
CHICKASAW,IA,1
CHICOT,AR,1
CHILDRESS,TX,1
CHILTON,AL,1
CHIPPEWA,MI,1
CHIPPEWA,MN,1
CHISAGO,MN,1
CHITTENDEN,VT,1
CHOCTAW,AL,1
CHOCTAW,MS,1
CHOCTAW,OK,1
CHOWAN,NC,1
CHRISTIAN,KY,1
CHURCHILL,NV,1
CIBOLA,NM,1
CIMARRON,OK,1
CLAIBORNE,LA,1
CLAIBORNE,MS,1
CLAIBORNE,TN,1
CLARE,MI,1
CLARENDON,SC,1
CLARION,PA,1
CLARK,AR,1
CLARK,IN,1
CLARK,KS,1
CLARK,KY,1
CLARK,WI,1
CLARKE,IA,1
CLARKE,MS,1
CLAY,AL,1
CLAY,AR,1
CLAY,IA,1
CLAY,IL,1
CLAY,IN,1
CLAY,KS,1
CLAY,KY,1
CLAY,MS,1
CLAY,SD,1
CLAY,TX,1
CLAYTON,GA,1
CLEARFIELD,PA,1
CLEARWATER,ID,1
CLEARWATER,MN,1
CLEBURNE,AR,1
CLERMONT,OH,1
CLEVELAND,NC,1
CLINCH,GA,1
CLINTON,IL,1
CLINTON,IN,1
CLINTON,KY,1
CLINTON,MI,1
CLINTON,MO,1
CLINTON,NY,1
CLINTON,OH,1
CLINTON,PA,1
CLOUD,KS,1
COAHOMA,MS,1
COAL,OK,1
COCHRAN,TX,1
COCKE,TN,1
CODINGTON,SD,1
COFFEE,AL,1
COFFEY,KS,1
COLE,MO,1
COLEMAN,TX,1
COLES,IL,1
COLFAX,NE,1
COLFAX,NM,1
COLLETON,SC,1
COLLINGSWORTH,TX,1
COLUMBIA,AR,1
COLUMBIA,FL,1
COLUMBIA,NY,1
COLUMBIA,PA,1
COLUMBIA,WA,1
COLUMBUS,NC,1
COLUSA,CA,1
COMAL,TX,1
COMANCHE,KS,1
COMANCHE,TX,1
CONCHO,TX,1
CONCORDIA,LA,1
CONECUH,AL,1
CONEJOS,CO,1
CONVERSE,WY,1
CONWAY,AR,1
COOK,GA,1
COOK,MN,1
COPIAH,MS,1
CORTLAND,NY,1
CORYELL,TX,1
COSHOCTON,OH,1
COVINGTON,MS,1
COWLITZ,WA,1
CRAIG,OK,1
CRANE,TX,1
CRAVEN,NC,1
CRAWFORD,AR,1
CRAWFORD,IA,1
CRAWFORD,IL,1
CRAWFORD,MI,1
CRAWFORD,WI,1
CRENSHAW,AL,1
CRISP,GA,1
CRITTENDEN,AR,1
CRITTENDEN,KY,1
CROOK,OR,1
CROOK,WY,1
CROSBY,TX,1
CROSS,AR,1
CULBERSON,TX,1
CULLMAN,AL,1
CULPEPER,VA,1
CUMBERLAND,KY,1
CUMBERLAND,NC,1
CUMBERLAND,NJ,1
CUMBERLAND,TN,1
CUMING,NE,1
CURRY,NM,1
CURRY,OR,1
CUSTER,MT,1
CUSTER,SD,1
DAKOTA,MN,1
DALE,AL,1
DALLAM,TX,1
DALLAS,AL,1
DALLAS,AR,1
DALLAS,IA,1
DANIELS,MT,1
DANVILLE CITY,VA,1
DARE,NC,1
DARKE,OH,1
DARLINGTON,SC,1
DAVIESS,IN,1
DAVIESS,KY,1
DAVIS,IA,1
DAVISON,SD,1
DAWES,NE,1
DAWSON,MT,1
DAWSON,TX,1
DAY,SD,1
DE KALB,AL,1
DE KALB,IN,1
DE KALB,TN,1
DE SOTO,FL,1
DE SOTO,LA,1
DE WITT,IL,1
DE WITT,TX,1
DEAF SMITH,TX,1
DEARBORN,IN,1
DECATUR,GA,1
DECATUR,IA,1
DECATUR,IN,1
DECATUR,KS,1
DEER LODGE,MT,1
DEL NORTE,CA,1
DELAWARE,IA,1
DELAWARE,IN,1
DELAWARE,OH,1
DELAWARE,OK,1
DELTA,CO,1
DELTA,MI,1
DENT,MO,1
DES MOINES,IA,1
DESCHUTES,OR,1
DEUEL,SD,1
DEWEY,OK,1
DEWEY,SD,1
DICKENSON,VA,1
DICKEY,ND,1
DICKINSON,IA,1
DICKINSON,KS,1
DICKINSON,MI,1
DICKSON,TN,1
DILLINGHAM,AK,1
DILLON,SC,1
DIMMIT,TX,1
DIVIDE,ND,1
DODGE,GA,1
DODGE,NE,1
DOOLY,GA,1
DOOR,WI,1
DORADO,PR,1
DORCHESTER,SC,1
DOUGLAS,GA,1
DOUGLAS,KS,1
DOUGLAS,MN,1
DOUGLAS,NV,1
DOUGLAS,SD,1
DOUGLAS,WI,1
DREW,AR,1
DUBOIS,IN,1
DUCHESNE,UT,1
DUKES,MA,1
DUNDY,NE,1
DUNN,WI,1
DUPLIN,NC,1
DYER,TN,1
EAGLE,CO,1
EARLY,GA,1
EAST CARROLL,LA,1
EASTERN DISTRICT,AS,1
EASTLAND,TX,1
EDGAR,IL,1
EDGECOMBE,NC,1
EDMUNDS,SD,1
EDWARDS,KS,1
EFFINGHAM,GA,1
EFFINGHAM,IL,1
ELBERT,GA,1
ELK,PA,1
ELKO,NV,1
ELLIS,KS,1
ELLIS,OK,1
ELLSWORTH,KS,1
ELMORE,ID,1
EMANUEL,GA,1
EMMET,IA,1
EMMET,MI,1
EMMONS,ND,1
EMPORIA CITY,VA,1
ERATH,TX,1
ERIE,OH,1
ESSEX,NY,1
ESSEX,VA,1
ESTILL,KY,1
EVANS,GA,1
FAIRBANKS NORTH STAR,AK,1
FAIRFIELD,OH,1
FALL RIVER,SD,1
FALLON,MT,1
FALLS,TX,1
FANNIN,GA,1
FANNIN,TX,1
FARIBAULT,MN,1
FAULK,SD,1
FAUQUIER,VA,1
FAYETTE,GA,1
FAYETTE,IL,1
FAYETTE,OH,1
FERGUS,MT,1
FERRY,WA,1
FILLMORE,NE,1
FINNEY,KS,1
FISHER,TX,1
FLEMING,KY,1
FLOYD,IA,1
FLOYD,TX,1
FORD,IL,1
FORREST,MS,1
FORSYTH,GA,1
FOSTER,ND,1
FRANKLIN,AR,1
FRANKLIN,FL,1
FRANKLIN,GA,1
FRANKLIN,IA,1
FRANKLIN,ID,1
FRANKLIN,IL,1
FRANKLIN,IN,1
FRANKLIN,KS,1
FRANKLIN,KY,1
FRANKLIN,LA,1
FRANKLIN,MA,1
FRANKLIN,ME,1
FRANKLIN,MS,1
FRANKLIN,NE,1
FRANKLIN,TN,1
FRANKLIN,VA,1
FRANKLIN,VT,1
FRANKLIN,WA,1
FRANKLIN CITY,VA,1
FREDERICK,MD,1
FREDERICKSBURG CITY,VA,1
FREEBORN,MN,1
FREESTONE,TX,1
FREMONT,CO,1
FREMONT,IA,1
FREMONT,WY,1
FRIO,TX,1
FULTON,AR,1
FULTON,IL,1
FULTON,IN,1
FULTON,NY,1
FULTON,OH,1
FULTON,PA,1
FURNAS,NE,1
GADSDEN,FL,1
GAGE,NE,1
GAINES,TX,1
GALAX CITY,VA,1
GALLIA,OH,1
GARDEN,NE,1
GARFIELD,MT,1
GARFIELD,UT,1
GARFIELD,WA,1
GARRETT,MD,1
GASCONADE,MO,1
GASTON,NC,1
GEARY,KS,1
GEAUGA,OH,1
GEM,ID,1
GENESEE,NY,1
GENTRY,MO,1
GEORGE,MS,1
GEORGETOWN,SC,1
GIBSON,IN,1
GIBSON,TN,1
GILES,TN,1
GILES,VA,1
GILLESPIE,TX,1
GLADWIN,MI,1
GLENN,CA,1
GLOUCESTER,VA,1
GLYNN,GA,1
GOGEBIC,MI,1
GONZALES,TX,1
GOODING,ID,1
GORDON,GA,1
GOSHEN,WY,1
GOVE,KS,1
GRADY,GA,1
GRADY,OK,1
GRAHAM,AZ,1
GRAHAM,KS,1
GRAND,CO,1
GRAND,UT,1
GRAND TRAVERSE,MI,1
GRANITE,MT,1
GRANT,IN,1
GRANT,KS,1
GRANT,KY,1
GRANT,MN,1
GRANT,ND,1
GRANT,NM,1
GRANT,OR,1
GRANT,SD,1
GRANT,WV,1
GRANVILLE,NC,1
GRATIOT,MI,1
GRAVES,KY,1
GRAY,TX,1
GRAYSON,KY,1
GREELEY,KS,1
GREEN,KY,1
GREEN,WI,1
GREEN LAKE,WI,1
GREENBRIER,WV,1
GREENE,AL,1
GREENE,AR,1
GREENE,GA,1
GREENE,IA,1
GREENE,IL,1
GREENE,IN,1
GREENE,PA,1
GREENE,TN,1
GREENWOOD,KS,1
GREENWOOD,SC,1
GREER,OK,1
GRENADA,MS,1
GRIGGS,ND,1
GRIMES,TX,1
GRUNDY,IA,1
GRUNDY,IL,1
GRUNDY,MO,1
GUADALUPE,NM,1
GUADALUPE,TX,1
GUAYANILLA,PR,1
GUAYNABO,PR,1
GUERNSEY,OH,1
GULF,FL,1
GUNNISON,CO,1
GUTHRIE,IA,1
HAAKON,SD,1
HABERSHAM,GA,1
HALE,AL,1
HALE,TX,1
HALIFAX,NC,1
HALIFAX,VA,1
HALL,GA,1
HAMBLEN,TN,1
HAMILTON,IA,1
HAMILTON,IL,1
HAMILTON,KS,1
HAMILTON,NE,1
HAMILTON,TX,1
HAMPSHIRE,MA,1
HAMPSHIRE,WV,1
HAMPTON,SC,1
HAMPTON CITY,VA,1
HANCOCK,IA,1
HANCOCK,IL,1
HANCOCK,IN,1
HANCOCK,MS,1
HANCOCK,OH,1
HANCOCK,TN,1
HANCOCK,WV,1
HAND,SD,1
HANOVER,VA,1
HANSFORD,TX,1
HARALSON,GA,1
HARDEE,FL,1
HARDEMAN,TN,1
HARDEMAN,TX,1
HARDIN,IA,1
HARDIN,IL,1
HARDIN,KY,1
HARDIN,OH,1
HARDIN,TN,1
HARDIN,TX,1
HARFORD,MD,1
HARLAN,KY,1
HARLAN,NE,1
HARMON,OK,1
HARNETT,NC,1
HARNEY,OR,1
HARPER,KS,1
HARPER,OK,1
HARRISON,IA,1
HARRISON,IN,1
HARRISON,KY,1
HARRISON,MO,1
HARRISON,OH,1
HARRISON,WV,1
HARRISONBURG CITY,VA,1
HART,KY,1
HARVEY,KS,1
HASKELL,KS,1
HASKELL,OK,1
HASKELL,TX,1
HAWKINS,TN,1
HAYWOOD,NC,1
HAYWOOD,TN,1
HEMPHILL,TX,1
HENDERSON,KY,1
HENDERSON,TN,1
HENDERSON,TX,1
HENDRY,FL,1
HENRICO,VA,1
HENRY,GA,1
HENRY,IA,1
HENRY,IN,1
HENRY,MO,1
HENRY,OH,1
HENRY,TN,1
HERKIMER,NY,1
HERTFORD,NC,1
HICKMAN,TN,1
HILL,MT,1
HILL,TX,1
HILLSDALE,MI,1
HOCKING,OH,1
HOCKLEY,TX,1
HODGEMAN,KS,1
HOKE,NC,1
HOLMES,FL,1
HOLMES,MS,1
HOLMES,OH,1
HOOD,TX,1
HOOD RIVER,OR,1
HOPEWELL CITY,VA,1
HOPKINS,KY,1
HOPKINS,TX,1
HOT SPRING,AR,1
HOT SPRINGS,WY,1
HOUSTON,GA,1
HOUSTON,TN,1
HOUSTON,TX,1
HOWARD,AR,1
HOWARD,IA,1
HOWARD,MD,1
HOWARD,NE,1
HOWARD,TX,1
HUBBARD,MN,1
HUERFANO,CO,1
HUGHES,OK,1
HUGHES,SD,1
HUMBOLDT,IA,1
HUMBOLDT,NV,1
HUMPHREYS,TN,1
HUNT,TX,1
HUNTERDON,NJ,1
HUNTINGDON,PA,1
HUNTINGTON,IN,1
HUTCHINSON,TX,1
IBERIA,LA,1
IDA,IA,1
INDEPENDENCE,AR,1
INDIANA,PA,1
IONIA,MI,1
IOSCO,MI,1
IOWA,IA,1
IOWA,WI,1
IRON,MI,1
IRON,MO,1
IRON,UT,1
IROQUOIS,IL,1
IRWIN,GA,1
ISABELLA,MI,1
ISANTI,MN,1
ISLAND,WA,1
JACK,TX,1
JACKSON,AL,1
JACKSON,AR,1
JACKSON,FL,1
JACKSON,IA,1
JACKSON,IN,1
JACKSON,KS,1
JACKSON,LA,1
JACKSON,MI,1
JACKSON,MN,1
JACKSON,MS,1
JACKSON,NC,1
JACKSON,OH,1
JACKSON,OK,1
JACKSON,TX,1
JACKSON,WI,1
JACKSON,WV,1
JASPER,GA,1
JASPER,IA,1
JASPER,IN,1
JASPER,MS,1
JASPER,SC,1
JASPER,TX,1
JAY,IN,1
JEFF DAVIS,GA,1
JEFFERSON,AR,1
JEFFERSON,GA,1
JEFFERSON,IA,1
JEFFERSON,IN,1
JEFFERSON,KS,1
JEFFERSON,MS,1
JEFFERSON,NE,1
JEFFERSON,OH,1
JEFFERSON,OK,1
JEFFERSON,OR,1
JEFFERSON,TN,1
JEFFERSON,WA,1
JEFFERSON,WI,1
JEFFERSON,WV,1
JEFFERSON DAVIS,MS,1
JEFFRSON DAVIS,LA,1
JENKINS,GA,1
JENNINGS,IN,1
JERAULD,SD,1
JEROME,ID,1
JERSEY,IL,1
JEWELL,KS,1
JIM WELLS,TX,1
JO DAVIESS,IL,1
JOHNSON,AR,1
JOHNSON,IN,1
JOHNSON,KY,1
JOHNSON,MO,1
JOHNSON,NE,1
JOHNSON,TN,1
JOHNSON,WY,1
JOHNSTON,NC,1
JOHNSTON,OK,1
JONES,IA,1
JONES,MS,1
JONES,TX,1
JOSEPHINE,OR,1
JUAB,UT,1
JUNEAU,AK,1
JUNEAU,WI,1
KALKASKA,MI,1
KANABEC,MN,1
KANDIYOHI,MN,1
KANE,UT,1
KARNES,TX,1
KAUFMAN,TX,1
KEARNEY,NE,1
KEARNY,KS,1
KEITH,NE,1
KEMPER,MS,1
KENNEBEC,ME,1
KENT,DE,1
KENT,MD,1
KENT,RI,1
KENTON,KY,1
KEOKUK,IA,1
KERR,TX,1
KERSHAW,SC,1
KETCHIKAN GATEWAY,AK,1
KIMBALL,NE,1
KIMBLE,TX,1
KINGFISHER,OK,1
KINGMAN,KS,1
KINGS,CA,1
KINGSBURY,SD,1
KIOWA,CO,1
KIOWA,KS,1
KIOWA,OK,1
KIT CARSON,CO,1
KITSAP,WA,1
KITTITAS,WA,1
KITTSON,MN,1
KLAMATH,OR,1
KLEBERG,TX,1
KNOX,IL,1
KNOX,IN,1
KNOX,KY,1
KNOX,ME,1
KNOX,NE,1
KNOX,OH,1
KNOX,TX,1
KODIAK ISLAND BOROUGH,AK,1
KOOCHICHING,MN,1
KOSCIUSKO,IN,1
KOSSUTH,IA,1
LABETTE,KS,1
LACLEDE,MO,1
LAFAYETTE,MO,1
LAFAYETTE,MS,1
LAFAYETTE,WI,1
LAGRANGE,IN,1
LAKE,CO,1
LAKE,MN,1
LAKE,OH,1
LAKE,OR,1
LAKE,SD,1
LAKE OF  WOODS,MN,1
LAMAR,MS,1
LAMAR,TX,1
LAMB,TX,1
LAMOILLE,VT,1
LAMPASAS,TX,1
LANCASTER,SC,1
LANCASTER,VA,1
LANDER,NV,1
LANE,KS,1
LANGLADE,WI,1
LANIER,GA,1
LAPEER,MI,1
LARAMIE,WY,1
LARES,PR,1
LAS ANIMAS,CO,1
LASSEN,CA,1
LATAH,ID,1
LATIMER,OK,1
LAUDERDALE,AL,1
LAUDERDALE,TN,1
LAUREL,KY,1
LAURENS,GA,1
LAWRENCE,AR,1
LAWRENCE,IL,1
LAWRENCE,IN,1
LAWRENCE,KY,1
LAWRENCE,MO,1
LAWRENCE,MS,1
LAWRENCE,PA,1
LAWRENCE,TN,1
LE FLORE,OK,1
LE SUEUR,MN,1
LEAKE,MS,1
LEAVENWORTH,KS,1
LEBANON,PA,1
LEE,AL,1
LEE,IL,1
LEE,MS,1
LEE,NC,1
LEE,VA,1
LEFLORE,MS,1
LEMHI,ID,1
LENAWEE,MI,1
LENOIR,NC,1
LESLIE,KY,1
LETCHER,KY,1
LEWIS,NY,1
LEWIS,WV,1
LEWIS AND CLARK,MT,1
LEXINGTON CITY,VA,1
LIBERTY,GA,1
LIBERTY,MT,1
LIBERTY,TX,1
LICKING,OH,1
LIMESTONE,AL,1
LINCOLN,CO,1
LINCOLN,KS,1
LINCOLN,KY,1
LINCOLN,LA,1
LINCOLN,ME,1
LINCOLN,MO,1
LINCOLN,MS,1
LINCOLN,MT,1
LINCOLN,NC,1
LINCOLN,NE,1
LINCOLN,NM,1
LINCOLN,NV,1
LINCOLN,TN,1
LINN,MO,1
LITTLE RIVER,AR,1
LIVINGSTON,IL,1
LIVINGSTON,KY,1
LIVINGSTON,MO,1
LIVINGSTON,NY,1
LLANO,TX,1
LOGAN,CO,1
LOGAN,IL,1
LOGAN,KS,1
LOGAN,KY,1
LOGAN,OH,1
LOGAN,OK,1
LOGAN,WV,1
LOS ALAMOS,NM,1
LOUDON,TN,1
LOVE,OK,1
LOWNDES,GA,1
LOWNDES,MS,1
LUCAS,IA,1
LUCE,MI,1
LUMPKIN,GA,1
LUNA,NM,1
LYNCHBURG CITY,VA,1
LYNN,TX,1
LYON,IA,1
LYON,KS,1
LYON,NV,1
MACKINAC,MI,1
MACON,MO,1
MACON,TN,1
MADISON,FL,1
MADISON,IA,1
MADISON,ID,1
MADISON,LA,1
MADISON,MO,1
MADISON,MS,1
MADISON,NE,1
MADISON,OH,1
MADISON,TN,1
MADISON,TX,1
MAHASKA,IA,1
MAHNOMEN,MN,1
MAJOR,OK,1
MALHEUR,OR,1
MANASSAS CITY,VA,1
MANISTEE,MI,1
MARENGO,AL,1
MARINETTE,WI,1
MARION,AL,1
MARION,KY,1
MARION,MO,1
MARION,MS,1
MARION,OH,1
MARION,SC,1
MARION,WV,1
MARIPOSA,CA,1
MARSHALL,AL,1
MARSHALL,IA,1
MARSHALL,KS,1
MARSHALL,KY,1
MARSHALL,MN,1
MARSHALL,MS,1
MARSHALL,OK,1
MARSHALL,SD,1
MARSHALL,TN,1
MARSHALL,WV,1
MARTIN,FL,1
MARTIN,MN,1
MARTIN,TX,1
MASON,IL,1
MASON,KY,1
MASON,MI,1
MASON,WA,1
MASON,WV,1
MASSAC,IL,1
MATANUSKA-SUSITNA,AK,1
MAURY,TN,1
MAVERICK,TX,1
MAYES,OK,1
MC CULLOCH,TX,1
MC DONOUGH,IL,1
MC DOWELL,NC,1
MC DOWELL,WV,1
MC DUFFIE,GA,1
MC KEAN,PA,1
MC MINN,TN,1
MC PHERSON,SD,1
MCCLAIN,OK,1
MCCONE,MT,1
MCCURTAIN,OK,1
MCKENZIE,ND,1
MEADE,KS,1
MEADE,SD,1
MEAGHER,MT,1
MECKLENBURG,VA,1
MECOSTA,MI,1
MEDINA,TX,1
MEEKER,MN,1
MERCER,IL,1
MERCER,KY,1
MERCER,ND,1
MERCER,OH,1
MERCER,WV,1
MERIWETHER,GA,1
MERRICK,NE,1
MIAMI,IN,1
MIAMI,KS,1
MIDDLESEX,CT,1
MIDLAND,MI,1
MIDLAND,TX,1
MIFFLIN,PA,1
MILLER,GA,1
MINERAL,MT,1
MINERAL,NV,1
MINERAL,WV,1
MINGO,WV,1
MINIDOKA,ID,1
MITCHELL,GA,1
MITCHELL,IA,1
MITCHELL,KS,1
MITCHELL,NC,1
MITCHELL,TX,1
MOCA,PR,1
MOFFAT,CO,1
MONO,CA,1
MONONA,IA,1
MONROE,AL,1
MONROE,GA,1
MONROE,IA,1
MONROE,KY,1
MONROE,MI,1
MONROE,TN,1
MONTAGUE,TX,1
MONTEZUMA,CO,1
MONTGOMERY,IA,1
MONTGOMERY,IN,1
MONTGOMERY,KY,1
MONTGOMERY,MS,1
MONTGOMERY,NC,1
MONTGOMERY,NY,1
MONTGOMERY,TN,1
MONTOUR,PA,1
MONTROSE,CO,1
MOODY,SD,1
MOORE,NC,1
MOORE,TX,1
MOREHOUSE,LA,1
MORGAN,AL,1
MORGAN,GA,1
MORGAN,IL,1
MORGAN,IN,1
MORGAN,KY,1
MORGAN,WV,1
MORRILL,NE,1
MORRIS,KS,1
MORRISON,MN,1
MORROW,OH,1
MORROW,OR,1
MORTON,KS,1
MOUNTRAIL,ND,1
MUHLENBERG,KY,1
MURRAY,GA,1
MURRAY,MN,1
MURRAY,OK,1
MUSCATINE,IA,1
MUSKEGON,MI,1
MUSKINGUM,OH,1
MUSKOGEE,OK,1
MUSSELSHELL,MT,1
NANTUCKET,MA,1
NASH,NC,1
NASSAU,FL,1
NATCHITOCHES,LA,1
NAVARRO,TX,1
NELSON,KY,1
NELSON,ND,1
NEMAHA,NE,1
NEOSHO,KS,1
NEW KENT,VA,1
NEWAYGO,MI,1
NEWBERRY,SC,1
NEWPORT,RI,1
NEWTON,GA,1
NEWTON,MO,1
NEZ PERCE,ID,1
NICHOLAS,WV,1
NICOLLET,MN,1
NIOBRARA,WY,1
NOBLE,IN,1
NOBLE,OK,1
NOBLES,MN,1
NODAWAY,MO,1
NOLAN,TX,1
NOME,AK,1
NORMAN,MN,1
NORTH SLOPE BOROUH,AK,1
NORTHWEST ARTIC BOROUGH,AK,1
NORTON,KS,1
NOWATA,OK,1
NOXUBEE,MS,1
NUCKOLLS,NE,1
NYE,NV,1
OBION,TN,1
OBRIEN,IA,1
OCEANA,MI,1
OCHILTREE,TX,1
OCONEE,SC,1
OGEMAW,MI,1
OGLALA LAKOTA COUNTY,SD,1
OGLE,IL,1
OHIO,KY,1
OHIO,WV,1
OKEECHOBEE,FL,1
OKFUSKEE,OK,1
OKTIBBEHA,MS,1
OLDHAM,KY,1
ONEIDA,ID,1
ONSLOW,NC,1
ORANGE,IN,1
ORANGE,NC,1
ORANGE,VT,1
ORLEANS,NY,1
ORLEANS,VT,1
OSBORNE,KS,1
OSCEOLA,IA,1
OSCEOLA,MI,1
OSWEGO,NY,1
OTERO,CO,1
OTERO,NM,1
OTSEGO,MI,1
OTTAWA,KS,1
OTTAWA,OH,1
OTTAWA,OK,1
OUACHITA,AR,1
OVERTON,TN,1
OZAUKEE,WI,1
PAGE,VA,1
PALO ALTO,IA,1
PALO PINTO,TX,1
PANOLA,MS,1
PANOLA,TX,1
PARK,MT,1
PARKER,TX,1
PARMER,TX,1
PASQUOTANK,NC,1
PAULDING,GA,1
PAULDING,OH,1
PAWNEE,KS,1
PAWNEE,NE,1
PAWNEE,OK,1
PEACH,GA,1
PEMBINA,ND,1
PEMISCOT,MO,1
PEND OREILLE,WA,1
PENDER,NC,1
PENNINGTON,MN,1
PEPIN,WI,1
PERKINS,NE,1
PERRY,IN,1
PERRY,KY,1
PERRY,MO,1
PERSHING,NV,1
PERSON,NC,1
PETERSBURG BOROUGH,AK,1
PETTIS,MO,1
PHELPS,MO,1
PHELPS,NE,1
PHILLIPS,AR,1
PHILLIPS,KS,1
PHILLIPS,MT,1
PIATT,IL,1
PICKAWAY,OH,1
PICKENS,GA,1
PIERCE,ND,1
PIERCE,WI,1
PIKE,AL,1
PIKE,IL,1
PIKE,MO,1
PIKE,OH,1
PINE,MN,1
PIPESTONE,MN,1
PITKIN,CO,1
PITT,NC,1
PITTSBURG,OK,1
PLATTE,MO,1
PLATTE,WY,1
PLYMOUTH,IA,1
POCAHONTAS,IA,1
POCAHONTAS,WV,1
POINTE COUPEE,LA,1
POLK,AR,1
POLK,GA,1
POLK,MO,1
POLK,NC,1
POLK,NE,1
POLK,OR,1
POLK,TX,1
PONDERA,MT,1
PONTOTOC,MS,1
POPE,AR,1
POPE,MN,1
PORTAGE,OH,1
PORTER,IN,1
PORTSMOUTH CITY,VA,1
POTTAWATOMIE,OK,1
POTTER,PA,1
POTTER,SD,1
POWELL,MT,1
POWER,ID,1
POWESHIEK,IA,1
PRAIRIE,MT,1
PRATT,KS,1
PRENTISS,MS,1
PRESTON,WV,1
PRICE,WI,1
PRINCE EDWARD,VA,1
PROWERS,CO,1
PULASKI,GA,1
PULASKI,IN,1
PULASKI,KY,1
PULASKI,VA,1
PUSHMATAHA,OK,1
PUTNAM,FL,1
PUTNAM,GA,1
PUTNAM,IN,1
PUTNAM,MO,1
PUTNAM,NY,1
PUTNAM,TN,1
QUAY,NM,1
QUITMAN,MS,1
RABUN,GA,1
RAMSEY,ND,1
RANDOLPH,AL,1
RANDOLPH,AR,1
RANDOLPH,IN,1
RANDOLPH,MO,1
RANDOLPH,NC,1
RANDOLPH,WV,1
RANSOM,ND,1
RAVALLI,MT,1
RAWLINS,KS,1
RAY,MO,1
REAGAN,TX,1
RED RIVER,LA,1
RED WILLOW,NE,1
REDWOOD,MN,1
REEVES,TX,1
REFUGIO,TX,1
RENSSELAER,NY,1
RENVILLE,MN,1
REPUBLIC,KS,1
RHEA,TN,1
RICE,KS,1
RICHARDSON,NE,1
RICHLAND,IL,1
RICHLAND,MT,1
RICHLAND,WI,1
RINGGOLD,IA,1
RIO ARRIBA,NM,1
RIO GRANDE,CO,1
ROANE,TN,1
ROANE,WV,1
ROANOKE CITY,VA,1
ROBERTS,SD,1
ROBERTSON,TN,1
ROBESON,NC,1
ROCK,MN,1
ROCKCASTLE,KY,1
ROCKDALE,GA,1
ROCKINGHAM,NC,1
ROCKWALL,TX,1
ROGER MILLS,OK,1
ROOKS,KS,1
ROOSEVELT,NM,1
ROSEAU,MN,1
ROSEBUD,MT,1
ROSS,OH,1
ROUTT,CO,1
ROWAN,KY,1
ROWAN,NC,1
RUSH,IN,1
RUSH,KS,1
RUSK,TX,1
RUSK,WI,1
RUSSELL,AL,1
RUSSELL,KS,1
RUSSELL,KY,1
RUSSELL,VA,1
RUTHERFORD,NC,1
RUTLAND,VT,1
SABINE,LA,1
SABINE,TX,1
SAC,IA,1
SAINT CROIX ISLAND,VI,1
SAINT THOMAS ISLAND,VI,1
SAIPAN,MP,1
SALEM,NJ,1
SALEM CITY,VA,1
SALINE,MO,1
SAMPSON,NC,1
SAN AUGUSTINE,TX,1
SAN JUAN,WA,1
SAN MIGUEL,NM,1
SANDERS,MT,1
SANTA CRUZ,AZ,1
SARATOGA,NY,1
SAUNDERS,NE,1
SAWYER,WI,1
SCHLEICHER,TX,1
SCHOHARIE,NY,1
SCHOOLCRAFT,MI,1
SCHUYLER,IL,1
SCHUYLER,NY,1
SCOTLAND,MO,1
SCOTLAND,NC,1
SCOTT,AR,1
SCOTT,IN,1
SCOTT,KS,1
SCOTT,KY,1
SCOTT,MO,1
SCOTT,TN,1
SCOTT BLUFF,NE,1
SCREVEN,GA,1
SCURRY,TX,1
SEDGWICK,CO,1
SEMINOLE,GA,1
SEQUOYAH,OK,1
SEVIER,AR,1
SEVIER,TN,1
SEVIER,UT,1
SEWARD,KS,1
SEWARD,NE,1
SHARKEY,MS,1
SHAWANO,WI,1
SHELBY,AL,1
SHELBY,IA,1
SHELBY,IL,1
SHELBY,IN,1
SHELBY,KY,1
SHELBY,OH,1
SHENANDOAH,VA,1
SHERIDAN,KS,1
SHERIDAN,MT,1
SHERIDAN,NE,1
SHERIDAN,WY,1
SHERMAN,KS,1
SHIAWASSEE,MI,1
SHOSHONE,ID,1
SIBLEY,MN,1
SIERRA,NM,1
SILVER BOW,MT,1
SIMPSON,KY,1
SIOUX,ND,1
SITKA BOROUGH,AK,1
SMITH,KS,1
SMITH,MS,1
SMITH,TN,1
SMYTH,VA,1
SOCORRO,NM,1
SOMERSET,NJ,1
SOMERVELL,TX,1
SPALDING,GA,1
SPINK,SD,1
SPOTSYLVANIA,VA,1
ST. BERNARD,LA,1
ST. CHARLES,LA,1
ST. CLAIR,AL,1
ST. CLAIR,MO,1
ST. FRANCIS,AR,1
ST. HELENA,LA,1
ST. JAMES,LA,1
ST. MARTIN,LA,1
ST. MARYS,MD,1
STAFFORD,KS,1
STAFFORD,VA,1
STANLY,NC,1
STANTON,KS,1
STARK,ND,1
STARKE,IN,1
STARR,TX,1
STE. GENEVIEVE,MO,1
STEELE,MN,1
STEPHENS,GA,1
STEPHENS,OK,1
STEPHENS,TX,1
STEPHENSON,IL,1
STEUBEN,IN,1
STEVENS,KS,1
STEVENS,MN,1
STILLWATER,MT,1
STODDARD,MO,1
STOKES,NC,1
STONE,AR,1
STONEWALL,TX,1
STUTSMAN,ND,1
SULLIVAN,IN,1
SULLIVAN,MO,1
SULLIVAN,NH,1
SUMMERS,WV,1
SUMMIT,CO,1
SUMMIT,UT,1
SUMNER,KS,1
SUMTER,AL,1
SUMTER,GA,1
SUMTER,SC,1
SUSSEX,NJ,1
SUTTER,CA,1
SUTTON,TX,1
SWEET GRASS,MT,1
SWEETWATER,WY,1
SWISHER,TX,1
TALBOT,MD,1
TALLAHATCHIE,MS,1
TANEY,MO,1
TAOS,NM,1
TATE,MS,1
TATTNALL,GA,1
TAYLOR,FL,1
TAYLOR,KY,1
TAYLOR,TX,1
TAYLOR,WI,1
TAYLOR,WV,1
TEHAMA,CA,1
TELLER,CO,1
TERRY,TX,1
TETON,ID,1
TETON,MT,1
TETON,WY,1
TEXAS,MO,1
TEXAS,OK,1
THAYER,NE,1
THOMAS,GA,1
THOMAS,KS,1
THROCKMORTON,TX,1
TIFT,GA,1
TILLAMOOK,OR,1
TIOGA,PA,1
TIPPAH,MS,1
TIPTON,IN,1
TIPTON,TN,1
TISHOMINGO,MS,1
TITUS,TX,1
TODD,SD,1
TOLLAND,CT,1
TOM GREEN,TX,1
TOMPKINS,NY,1
TOOELE,UT,1
TOOLE,MT,1
TOOMBS,GA,1
TOWNER,ND,1
TOWNS,GA,1
TRANSYLVANIA,NC,1
TRAVERSE,MN,1
TREGO,KS,1
TRIGG,KY,1
TRINITY,CA,1
TRINITY,TX,1
TRIPP,SD,1
TROUP,GA,1
TROUSDALE,TN,1
TUOLUMNE,CA,1
TURNER,SD,1
TUSCALOOSA,AL,1
TWIN FALLS,ID,1
TYLER,TX,1
TYLER,WV,1
UINTA,WY,1
UINTAH,UT,1
UNION,AR,1
UNION,FL,1
UNION,GA,1
UNION,IA,1
UNION,IL,1
UNION,KY,1
UNION,MS,1
UNION,NC,1
UNION,NM,1
UNION,OH,1
UNION,OR,1
UNION,PA,1
UNION,SC,1
UNION,SD,1
UPSHUR,WV,1
UPSON,GA,1
UTUADO,PR,1
UVALDE,TX,1
VAL VERDE,TX,1
VALLEY,MT,1
VALLEY,NE,1
VAN BUREN,AR,1
VAN BUREN,IA,1
VAN WERT,OH,1
VANCE,NC,1
VEGA BAJA,PR,1
VENANGO,PA,1
VERMILLION,IN,1
VERNON,LA,1
VERNON,MO,1
WABASH,IL,1
WABASH,IN,1
WADENA,MN,1
WAGONER,OK,1
WALDO,ME,1
WALKER,AL,1
WALKER,TX,1
WALLA WALLA,WA,1
WALLOWA,OR,1
WALTHALL,MS,1
WALTON,GA,1
WALWORTH,SD,1
WAPELLO,IA,1
WARD,TX,1
WARE,GA,1
WARREN,IL,1
WARREN,IN,1
WARREN,MS,1
WARREN,NY,1
WARREN,PA,1
WARREN,TN,1
WARREN,VA,1
WASATCH,UT,1
WASCO,OR,1
WASECA,MN,1
WASHAKIE,WY,1
WASHINGTON,AL,1
WASHINGTON,FL,1
WASHINGTON,GA,1
WASHINGTON,IA,1
WASHINGTON,ID,1
WASHINGTON,IL,1
WASHINGTON,IN,1
WASHINGTON,MD,1
WASHINGTON,MO,1
WASHINGTON,MS,1
WASHINGTON,NC,1
WASHINGTON,NE,1
WASHINGTON,OK,1
WASHINGTON,UT,1
WASHINGTON,VA,1
WASHINGTON,VT,1
WASHITA,OK,1
WATAUGA,NC,1
WAUSHARA,WI,1
WAYNE,GA,1
WAYNE,IA,1
WAYNE,IL,1
WAYNE,IN,1
WAYNE,KY,1
WAYNE,MS,1
WAYNE,NC,1
WAYNE,NE,1
WAYNE,NY,1
WAYNE,PA,1
WAYNE,TN,1
WEAKLEY,TN,1
WEBSTER,IA,1
WEBSTER,MS,1
WEBSTER,NE,1
WEBSTER,WV,1
WELLS,IN,1
WELLS,ND,1
WEST CARROLL,LA,1
WEST FELICIANA,LA,1
WESTON,WY,1
WETZEL,WV,1
WEXFORD,MI,1
WHARTON,TX,1
WHATCOM,WA,1
WHEATLAND,MT,1
WHITE,AR,1
WHITE,IN,1
WHITE,TN,1
WHITE PINE,NV,1
WHITFIELD,GA,1
WHITLEY,IN,1
WHITLEY,KY,1
WICHITA,KS,1
WICOMICO,MD,1
WILBARGER,TX,1
WILCOX,AL,1
WILKES,GA,1
WILKES,NC,1
WILKIN,MN,1
WILKINSON,MS,1
WILLIAMSON,TN,1
WILSON,NC,1
WILSON,TN,1
WILSON,TX,1
WINCHESTER CITY,VA,1
WINKLER,TX,1
WINN,LA,1
WINNESHIEK,IA,1
WINONA,MN,1
WINSTON,AL,1
WINSTON,MS,1
WISE,VA,1
WOOD,OH,1
WOOD,WV,1
WOODFORD,IL,1
WOODFORD,KY,1
WOODS,OK,1
WOODWARD,OK,1
WORCESTER,MD,1
WORTH,GA,1
WRANGELL CITY AND BOROUGH,AK,1
WYANDOT,OH,1
WYOMING,NY,1
WYTHE,VA,1
YALOBUSHA,MS,1
YANKTON,SD,1
YATES,NY,1
YAUCO,PR,1
YAZOO,MS,1
YOAKUM,TX,1
YORK,ME,1
YORK,SC,1
YUBA,CA,1
